dataset,pipeline,adaptation,lora_target,rank,alpha,scaling_ratio,learning_rate,subset_size,regime,training_regime,seed,metric,parse_failure_rate,runtime_s,peak_mem_gb,trainable_params,optimizer_steps,experiment_name,experiment_group,source_file
squad,prompting,lora,attention,64,128,2.0,5e-4,1000,low,iso_step,43,0.004582914862914863,0.0,1237.8912,24.905938625335693,40370176,938,squad_prompting_ladder_isostep_r64_lr5e4,squad_prompting,results/squad/prompting_ladder_isostep_r64_lr5e4/metrics/result_1786086140441653620_1252762.json
squad,prompting,lora,attention,64,128,2.0,5e-4,1000,low,iso_step,42,0.7820405904296476,0.0,1239.1948,24.90774631500244,40370176,938,squad_prompting_ladder_isostep_r64_lr5e4,squad_prompting,results/squad/prompting_ladder_isostep_r64_lr5e4/metrics/result_1786086161504039504_1252761.json
squad,prompting,lora,attention,64,128,2.0,5e-4,1000,low,iso_step,44,0.787046859980032,0.0,1241.6654,24.905938625335693,40370176,938,squad_prompting_ladder_isostep_r64_lr5e4,squad_prompting,results/squad/prompting_ladder_isostep_r64_lr5e4/metrics/result_1786090506969762106_2493335.json
squad,prompting,lora,attention,64,128,2.0,5e-4,5000,low,iso_step,42,0.0030389610389610394,0.0,1218.1485,25.84898614883423,40370176,938,squad_prompting_ladder_isostep_r64_lr5e4,squad_prompting,results/squad/prompting_ladder_isostep_r64_lr5e4/metrics/result_1786090674093776347_2494385.json
squad,prompting,lora,attention,64,128,2.0,5e-4,5000,low,iso_step,43,0.0,0.002,1219.3037,25.849188804626465,40370176,938,squad_prompting_ladder_isostep_r64_lr5e4,squad_prompting,results/squad/prompting_ladder_isostep_r64_lr5e4/metrics/result_1786091002399377992_2495410.json
squad,prompting,lora,attention,64,128,2.0,5e-4,5000,low,iso_step,44,0.001415873015873016,0.0,1227.3708,25.849194526672363,40370176,938,squad_prompting_ladder_isostep_r64_lr5e4,squad_prompting,results/squad/prompting_ladder_isostep_r64_lr5e4/metrics/result_1786092756919868116_2503587.json
squad,prompting,lora,attention,64,128,2.0,5e-4,20000,high,iso_step,42,0.0,0.0,1231.3794,30.077518463134766,40370176,938,squad_prompting_ladder_isostep_r64_lr5e4,squad_prompting,results/squad/prompting_ladder_isostep_r64_lr5e4/metrics/result_1786093799593512296_3246664.json
squad,prompting,lora,attention,64,128,2.0,5e-4,20000,high,iso_step,43,0.0,0.0,1223.2884,30.07751989364624,40370176,938,squad_prompting_ladder_isostep_r64_lr5e4,squad_prompting,results/squad/prompting_ladder_isostep_r64_lr5e4/metrics/result_1786094092922999931_1329600.json
squad,prompting,lora,attention,64,128,2.0,5e-4,50000,high,iso_step,42,0.003747748330101272,0.0,1227.1303,26.474255084991455,40370176,938,squad_prompting_ladder_isostep_r64_lr5e4,squad_prompting,results/squad/prompting_ladder_isostep_r64_lr5e4/metrics/result_1786094311107991468_329986.json
squad,prompting,lora,attention,64,128,2.0,5e-4,20000,high,iso_step,44,0.0015714285714285717,0.0,1229.5121,29.927124977111816,40370176,938,squad_prompting_ladder_isostep_r64_lr5e4,squad_prompting,results/squad/prompting_ladder_isostep_r64_lr5e4/metrics/result_1786094326658877315_2515731.json
squad,prompting,lora,attention,64,128,2.0,5e-4,50000,high,iso_step,43,0.0,0.0,1224.2284,29.805413246154785,40370176,938,squad_prompting_ladder_isostep_r64_lr5e4,squad_prompting,results/squad/prompting_ladder_isostep_r64_lr5e4/metrics/result_1786095464977320017_332955.json
squad,prompting,lora,attention,64,128,2.0,5e-4,50000,high,iso_step,44,0.8426995265887856,0.0,1217.1508,26.624392986297607,40370176,938,squad_prompting_ladder_isostep_r64_lr5e4,squad_prompting,results/squad/prompting_ladder_isostep_r64_lr5e4/metrics/result_1786095726758813006_1340108.json
