section,dataset,regime,order,players,value
main_sweep_sensitivity,mnli,,0,(baseline),0.0
main_sweep_sensitivity,mnli,,1,learning_rate,-0.007731958731088905
main_sweep_sensitivity,mnli,,1,lora_target,-0.007277671993724917
main_sweep_sensitivity,mnli,,1,rank,-0.007753775362654607
main_sweep_sensitivity,mnli,,1,scaling_ratio,-0.0035649440516839284
main_sweep_sensitivity,mnli,,2,learning_rate+lora_target,0.017254440589361694
main_sweep_sensitivity,mnli,,2,learning_rate+rank,0.01860566454592287
main_sweep_sensitivity,mnli,,2,learning_rate+scaling_ratio,0.0060371251784788905
main_sweep_sensitivity,mnli,,2,lora_target+rank,0.01724286938315158
main_sweep_sensitivity,mnli,,2,lora_target+scaling_ratio,0.004679034431605425
main_sweep_sensitivity,mnli,,2,rank+scaling_ratio,0.006047546822806664
main_sweep_sensitivity,squad,,0,(baseline),0.0
main_sweep_sensitivity,squad,,1,learning_rate,-0.0027162451910596407
main_sweep_sensitivity,squad,,1,lora_target,-0.002697796256039368
main_sweep_sensitivity,squad,,1,rank,-0.002723487822387385
main_sweep_sensitivity,squad,,1,scaling_ratio,-0.002139411288936324
main_sweep_sensitivity,squad,,2,learning_rate+lora_target,0.004948831992828039
main_sweep_sensitivity,squad,,2,learning_rate+rank,0.00497221002026622
main_sweep_sensitivity,squad,,2,learning_rate+scaling_ratio,0.003210046122689774
main_sweep_sensitivity,squad,,2,lora_target+rank,0.0049482917311414075
main_sweep_sensitivity,squad,,2,lora_target+scaling_ratio,0.0032051822659193755
main_sweep_sensitivity,squad,,2,rank+scaling_ratio,0.00321540782612024
main_sweep_sensitivity,conll2003,,0,(baseline),0.0
main_sweep_sensitivity,conll2003,,1,learning_rate,-0.0032680136591708786
main_sweep_sensitivity,conll2003,,1,lora_target,-0.003261177096332462
main_sweep_sensitivity,conll2003,,1,rank,-0.0033047558329002396
main_sweep_sensitivity,conll2003,,1,scaling_ratio,-0.0029653020352533857
main_sweep_sensitivity,conll2003,,2,learning_rate+lora_target,0.005488024719793111
main_sweep_sensitivity,conll2003,,2,learning_rate+rank,0.005511409170235137
main_sweep_sensitivity,conll2003,,2,learning_rate+scaling_ratio,0.004450915672334432
main_sweep_sensitivity,conll2003,,2,lora_target+rank,0.0055111206455585905
main_sweep_sensitivity,conll2003,,2,lora_target+scaling_ratio,0.004453448070153137
main_sweep_sensitivity,conll2003,,2,rank+scaling_ratio,0.004458118580025983
main_sweep_sensitivity,gsm8k,,0,(baseline),0.0
main_sweep_sensitivity,gsm8k,,1,learning_rate,2.5283473144657414e-05
main_sweep_sensitivity,gsm8k,,1,lora_target,-1.2340724385422448e-05
main_sweep_sensitivity,gsm8k,,1,rank,2.5411895642012616e-05
main_sweep_sensitivity,gsm8k,,1,scaling_ratio,1.1923076854611462e-08
main_sweep_sensitivity,gsm8k,,2,learning_rate+lora_target,7.275156652607597e-05
main_sweep_sensitivity,gsm8k,,2,learning_rate+rank,9.382979420451889e-06
main_sweep_sensitivity,gsm8k,,2,learning_rate+scaling_ratio,1.92999341529627e-05
main_sweep_sensitivity,gsm8k,,2,lora_target+rank,5.967779423479635e-05
main_sweep_sensitivity,gsm8k,,2,lora_target+scaling_ratio,3.8579934152491836e-05
main_sweep_sensitivity,gsm8k,,2,rank+scaling_ratio,2.38391111072244e-05
ablation_safe_to_risky,mnli,,0,(baseline),0.0
ablation_safe_to_risky,mnli,,1,learning_rate,0.07205991338907006
ablation_safe_to_risky,mnli,,1,lora_target,0.08211374100747726
ablation_safe_to_risky,mnli,,1,rank,0.07363891381313296
ablation_safe_to_risky,mnli,,1,scaling_ratio,2.0039079423606054e-10
ablation_safe_to_risky,mnli,,2,learning_rate+lora_target,-0.24601026584767174
ablation_safe_to_risky,mnli,,2,learning_rate+rank,-0.44151216504270113
ablation_safe_to_risky,mnli,,2,learning_rate+scaling_ratio,-6.542752450933165e-13
ablation_safe_to_risky,mnli,,2,lora_target+rank,-0.25204200723565257
ablation_safe_to_risky,mnli,,2,lora_target+scaling_ratio,4.364911210252842e-13
ablation_safe_to_risky,mnli,,2,rank+scaling_ratio,4.366021433277467e-13
ablation_safe_to_risky,squad,,0,(baseline),0.0
ablation_safe_to_risky,squad,,1,learning_rate,0.14404429836938926
ablation_safe_to_risky,squad,,1,lora_target,0.1331871474344427
ablation_safe_to_risky,squad,,1,rank,0.14233605832272112
ablation_safe_to_risky,squad,,1,scaling_ratio,3.4526371345267037e-10
ablation_safe_to_risky,squad,,2,learning_rate+lora_target,-0.41172531427864534
ablation_safe_to_risky,squad,,2,learning_rate+rank,-0.43989834515619514
ablation_safe_to_risky,squad,,2,learning_rate+scaling_ratio,-5.822599347116153e-13
ablation_safe_to_risky,squad,,2,lora_target+rank,-0.411376967068318
ablation_safe_to_risky,squad,,2,lora_target+scaling_ratio,3.884184640590149e-13
ablation_safe_to_risky,squad,,2,rank+scaling_ratio,3.884739752102462e-13
ablation_safe_to_risky,conll2003,,0,(baseline),0.0
ablation_safe_to_risky,conll2003,,1,learning_rate,0.17134000223202206
ablation_safe_to_risky,conll2003,,1,lora_target,0.17370096646198036
ablation_safe_to_risky,conll2003,,1,rank,0.17101774793820773
ablation_safe_to_risky,conll2003,,1,scaling_ratio,3.850139859706836e-10
ablation_safe_to_risky,conll2003,,2,learning_rate+lora_target,-0.4833166122307597
ablation_safe_to_risky,conll2003,,2,learning_rate+rank,-0.4841163389020533
ablation_safe_to_risky,conll2003,,2,learning_rate+scaling_ratio,-3.831934769493728e-13
ablation_safe_to_risky,conll2003,,2,lora_target+rank,-0.47963266760325585
ablation_safe_to_risky,conll2003,,2,lora_target+scaling_ratio,2.559723266681857e-13
ablation_safe_to_risky,conll2003,,2,rank+scaling_ratio,2.5600008224380133e-13
ablation_safe_to_risky,gsm8k,,0,(baseline),0.0
ablation_safe_to_risky,gsm8k,,1,learning_rate,0.010333333364549866
ablation_safe_to_risky,gsm8k,,1,lora_target,0.017000000030760295
ablation_safe_to_risky,gsm8k,,1,rank,-0.00366666663590631
ablation_safe_to_risky,gsm8k,,1,scaling_ratio,3.0760344792157834e-11
ablation_safe_to_risky,gsm8k,,2,learning_rate+lora_target,-0.06766666666683091
ablation_safe_to_risky,gsm8k,,2,learning_rate+rank,-0.03300000000016422
ablation_safe_to_risky,gsm8k,,2,learning_rate+scaling_ratio,-1.6418984227772881e-13
ablation_safe_to_risky,gsm8k,,2,lora_target+rank,-0.03899999999989047
ablation_safe_to_risky,gsm8k,,2,lora_target+scaling_ratio,1.0946885758977842e-13
ablation_safe_to_risky,gsm8k,,2,rank+scaling_ratio,1.0947232703673038e-13
ladder_sensitivity,mnli,ladder_isoepoch,0,(baseline),0.0
ladder_sensitivity,mnli,ladder_isoepoch,1,learning_rate,-0.0039880381741753965
ladder_sensitivity,mnli,ladder_isoepoch,1,rank,-0.004004633599686433
ladder_sensitivity,mnli,ladder_isoepoch,1,subset_size,-0.003871335137977143
ladder_sensitivity,mnli,ladder_isoepoch,2,learning_rate+rank,0.012019163124601214
ladder_sensitivity,mnli,ladder_isoepoch,2,learning_rate+subset_size,0.011984369894095551
ladder_sensitivity,mnli,ladder_isoepoch,2,rank+subset_size,0.011998997449708329
ladder_sensitivity,mnli,ladder_isostep,0,(baseline),0.0
ladder_sensitivity,mnli,ladder_isostep,1,learning_rate,-0.0012590464558951463
ladder_sensitivity,mnli,ladder_isostep,1,rank,-0.0012365296660115134
ladder_sensitivity,mnli,ladder_isostep,1,subset_size,-0.0010937754239149832
ladder_sensitivity,mnli,ladder_isostep,2,learning_rate+rank,0.0037790295299695957
ladder_sensitivity,mnli,ladder_isostep,2,learning_rate+subset_size,0.0037934479180093
ladder_sensitivity,mnli,ladder_isostep,2,rank+subset_size,0.0038827813722798563
ladder_sensitivity,squad,ladder_isoepoch,0,(baseline),0.0
ladder_sensitivity,squad,ladder_isoepoch,1,learning_rate,-0.0010474479390580004
ladder_sensitivity,squad,ladder_isoepoch,1,rank,-0.001044917423473704
ladder_sensitivity,squad,ladder_isoepoch,1,subset_size,-0.0007811404593868901
ladder_sensitivity,squad,ladder_isoepoch,2,learning_rate+rank,0.0031465691211858514
ladder_sensitivity,squad,ladder_isoepoch,2,learning_rate+subset_size,0.003093666639489709
ladder_sensitivity,squad,ladder_isoepoch,2,rank+subset_size,0.00308626751171901
ladder_sensitivity,squad,ladder_isostep,0,(baseline),0.0
ladder_sensitivity,squad,ladder_isostep,1,learning_rate,4.613184112373336e-05
ladder_sensitivity,squad,ladder_isostep,1,rank,4.31695152530392e-05
ladder_sensitivity,squad,ladder_isostep,1,subset_size,0.00043223626700024436
ladder_sensitivity,squad,ladder_isostep,2,learning_rate+rank,-1.849666797003152e-05
ladder_sensitivity,squad,ladder_isostep,2,learning_rate+subset_size,-8.0584190163716e-05
ladder_sensitivity,squad,ladder_isostep,2,rank+subset_size,-0.00013598872809567004
collapse_sensitivity,mnli,,0,(baseline),0.0
collapse_sensitivity,mnli,,1,learning_rate,-0.014102240552469149
collapse_sensitivity,mnli,,1,lora_target,-0.01294997717770527
collapse_sensitivity,mnli,,1,rank,-0.014102240552190858
collapse_sensitivity,mnli,,1,scaling_ratio,-0.006457064511953079
collapse_sensitivity,mnli,,2,learning_rate+lora_target,0.030892729764251628
collapse_sensitivity,mnli,,2,learning_rate+rank,0.03434951988770842
collapse_sensitivity,mnli,,2,learning_rate+scaling_ratio,0.011413991766995113
collapse_sensitivity,mnli,,2,lora_target+rank,0.030892729764084657
collapse_sensitivity,mnli,,2,lora_target+scaling_ratio,0.007957201643371332
collapse_sensitivity,mnli,,2,rank+scaling_ratio,0.011413991766828106
collapse_sensitivity,squad,,0,(baseline),0.0
collapse_sensitivity,squad,,1,learning_rate,-0.003252967545868901
collapse_sensitivity,squad,,1,lora_target,-0.00325296754582265
collapse_sensitivity,squad,,1,rank,-0.00325296754582265
collapse_sensitivity,squad,,1,scaling_ratio,-0.0024665020679991443
collapse_sensitivity,squad,,2,learning_rate+lora_target,0.00605914951867366
collapse_sensitivity,squad,,2,learning_rate+rank,0.006059149518673659
collapse_sensitivity,squad,,2,learning_rate+scaling_ratio,0.003699753085203152
collapse_sensitivity,squad,,2,lora_target+rank,0.006059149518645913
collapse_sensitivity,squad,,2,lora_target+scaling_ratio,0.003699753085175399
collapse_sensitivity,squad,,2,rank+scaling_ratio,0.003699753085175398
collapse_sensitivity,conll2003,,0,(baseline),0.0
collapse_sensitivity,conll2003,,1,learning_rate,-0.003242460001594311
collapse_sensitivity,conll2003,,1,lora_target,-0.0032424600015589487
collapse_sensitivity,conll2003,,1,rank,-0.00324246000155895
collapse_sensitivity,conll2003,,1,scaling_ratio,-0.002840082315230644
collapse_sensitivity,conll2003,,2,learning_rate+lora_target,0.005467256514367717
collapse_sensitivity,conll2003,,2,learning_rate+rank,0.00546725651436772
collapse_sensitivity,conll2003,,2,learning_rate+scaling_ratio,0.004260123455382811
collapse_sensitivity,conll2003,,2,lora_target+rank,0.005467256514346505
collapse_sensitivity,conll2003,,2,lora_target+scaling_ratio,0.004260123455361586
collapse_sensitivity,conll2003,,2,rank+scaling_ratio,0.004260123455361589
collapse_sensitivity,gsm8k,,0,(baseline),0.0
collapse_sensitivity,gsm8k,,1,learning_rate,0.0
collapse_sensitivity,gsm8k,,1,lora_target,0.0
collapse_sensitivity,gsm8k,,1,rank,0.0
collapse_sensitivity,gsm8k,,1,scaling_ratio,0.0
collapse_sensitivity,gsm8k,,2,learning_rate+lora_target,0.0
collapse_sensitivity,gsm8k,,2,learning_rate+rank,0.0
collapse_sensitivity,gsm8k,,2,learning_rate+scaling_ratio,0.0
collapse_sensitivity,gsm8k,,2,lora_target+rank,0.0
collapse_sensitivity,gsm8k,,2,lora_target+scaling_ratio,0.0
collapse_sensitivity,gsm8k,,2,rank+scaling_ratio,0.0
